{"cameraMode":{"drawMode":0,"name":"Shaded","section":"Shading Mode"},"sceneLighting":true,"audioPlay":false,"sceneViewState":{"m_AlwaysRefresh":false,"showFog":true,"showSkybox":true,"showFlares":true,"showImageEffects":true,"showParticleSystems":true,"showVisualEffectGraphs":true,"m_FxEnabled":true},"in2DMode":false,"pivot":{"x":35.90812683105469,"y":4.064419269561768,"z":140.89108276367188},"rotation":{"x":0.30424028635025027,"y":-0.031432997435331348,"z":0.010045358911156655,"w":0.9520421028137207},"size":0.454743355512619,"orthographic":false}